cod;nombre;tipo;grupo;zona;lat;lon;exp_fob_usd;imp_cif_usd;total_usd;peso_exp_kg;peso_imp_kg;balance_usd;top_destino;top_origen;top_tipo_exp;top_tipo_imp
906;SAN ANTONIO;Puerto marítimo;maritimo;América del Sur;-33.59;-71.61;14215522923.6;28646608637.8;42862131561.3;5104157462.6;8965192350.8;14431085714.2;China;China;Minería;Resto No combustibles
207;PUERTO ANGAMOS;Puerto marítimo;maritimo;América del Sur;-23.06;-70.43;17973282489.6;4507402666.1;22480685155.7;2580803008.2;451673123.8;-13465879823.6;Estados Unidos de América;Estados Unidos de América;Minería;Maquinarias, aparatos y sus partes
992;AEROP. A.M. BENITEZ;Aeropuerto;aereo;América del Sur;-33.39;-70.79;8426909597.1;11272483169.4;19699392766.5;708330096.5;853546085.2;2845573572.4;Estados Unidos de América;China;Minería;Resto No combustibles
905;VALPARAÍSO;Puerto marítimo;maritimo;América del Sur;-33.04;-71.63;8347992568.5;7489975585.7;15837968154.2;3606771184.8;2672439392.4;-858016982.8;China;China;Frutas y frutos ;Resto No combustibles
950;CALETA COLOSO;Puerto marítimo;maritimo;América del Sur;-23.758;-70.47;11129636827.4;0.0;11129636827.4;4355978431.2;0.0;-11129636827.4;China;;Minería;
965;LOS LIBERTADORES;Avanzada fronteriza;terrestre;América del Sur;-32.84;-70.08;1863690891.2;6674472470.3;8538163361.5;899044223.1;3214424432.3;4810781579.2;Argentina;Brasil;Resto No minería;Alimentos
908;SAN VICENTE;Puerto marítimo;maritimo;América del Sur;-36.73;-73.13;5016003566.0;1112686381.3;6128689947.4;3390956651.7;1420670175.3;-3903317184.7;Estados Unidos de América;Estados Unidos de América;Productos del mar;Combustibles y lubricantes minerales
903;ANTOFAGASTA;Puerto marítimo;maritimo;América del Sur;-23.65;-70.4;4399198844.6;1166277837.7;5565476682.3;971846996.5;975461685.4;-3232921006.9;China;China;Minería;Resto No combustibles
921;QUINTERO;Puerto marítimo;maritimo;América del Sur;-32.78;-71.53;119344225.7;4478447451.0;4597791676.8;253643538.8;7321509400.5;4359103225.3;Estados Unidos de América;Estados Unidos de América;Resto No minería;Combustibles y lubricantes minerales
909;LIRQUÉN;Puerto marítimo;maritimo;América del Sur;-36.71;-72.98;3669003037.8;849994659.3;4518997697.1;4303682114.3;725698150.8;-2819008378.5;China;China;Forestales y sus derivados;Resto No combustibles
926;CORONEL;Puerto marítimo;maritimo;América del Sur;-37.03;-73.15;3694115942.4;780615790.6;4474731733.0;2633599431.5;684367362.0;-2913500151.7;Estados Unidos de América;Estados Unidos de América;Productos del mar;Resto No combustibles
915;MEJILLONES;Puerto marítimo;maritimo;América del Sur;-23.1;-70.45;1974305049.3;2468886931.1;4443191980.4;943482200.1;7347207626.9;494581881.8;China;Estados Unidos de América;Minería;Combustibles y lubricantes minerales
948;VENTANAS;Puerto marítimo;maritimo;América del Sur;-32.75;-71.48;3458355326.4;376440654.1;3834795980.5;1760514511.5;1646649652.0;-3081914672.2;China;Japón;Minería;Resto No combustibles
918;CALDERA;Puerto marítimo;maritimo;América del Sur;-27.067;-70.823;3363691980.0;240278321.7;3603970301.7;8426464444.0;329995059.7;-3123413658.3;China;Estados Unidos de América;Minería;Combustibles y lubricantes minerales
204;PATACHE;Puerto marítimo;maritimo;América del Sur;-20.81;-70.2;3577175074.4;0.0;3577175074.4;4165932356.0;0.0;-3577175074.4;China;;Minería;
199;LOS VILOS;Puerto marítimo;maritimo;América del Sur;-31.911;-71.51;3277951898.8;0.0;3277951898.8;1309902795.0;0.0;-3277951898.8;China;;Minería;
902;IQUIQUE;Puerto marítimo;maritimo;América del Sur;-20.213;-70.152;739705249.0;1424865723.3;2164570972.3;279728891.9;130887088.1;685160474.2;China;China;Minería;Maquinarias, aparatos y sus partes
907;TALCAHUANO;Puerto marítimo;maritimo;América del Sur;-36.72;-73.11;178891233.4;1452586214.7;1631477448.1;242244986.2;2773777287.7;1273694981.3;Estados Unidos de América;Brasil;Resto No minería;Combustibles y lubricantes minerales
904;COQUIMBO;Puerto marítimo;maritimo;América del Sur;-29.95;-71.34;1014370293.1;181817513.7;1196187806.8;467760493.5;31263287.5;-832552779.4;China;Estados Unidos de América;Minería;Medios de transporte y sus partes
957;CHACALLUTA;Avanzada fronteriza;terrestre;América del Sur;-18.35;-70.34;333999926.6;831850857.9;1165850784.5;241869415.3;321905733.6;497850931.3;Perú;Perú;Resto No minería;Otros productos relevantes
917;CHAÑARAL / BARQUITO;Puerto marítimo;maritimo;América del Sur;-26.36;-70.66;793735205.5;78400867.0;872136072.5;212018809.0;250989015.8;-715334338.5;Estados Unidos de América;Estados Unidos de América;Minería;Combustibles y lubricantes minerales
949;PINO HACHADO (LIUCURA);Avanzada fronteriza;terrestre;América del Sur;-38.66;-70.89;618042209.3;238690118.2;856732327.5;132728680.1;364417548.7;-379352091.0;Brasil;Argentina;Productos del mar;Resto No combustibles
942;CABO NEGRO;Puerto marítimo;maritimo;América del Sur;-52.95;-70.8;582036600.9;59934277.6;641970878.5;1570423159.0;186959235.0;-522102323.4;Brasil;Argentina;Otros productos relevantes;Combustibles y lubricantes minerales
920;HUASCO / GUACOLDA;Puerto marítimo;maritimo;América del Sur;-28.46;-71.22;509663503.1;121648971.6;631312474.7;5119430515.4;1101237125.0;-388014531.6;China;Colombia;Minería;Combustibles y lubricantes minerales
901;ARICA;Puerto marítimo;maritimo;América del Sur;-18.476;-70.323;337263702.6;254998237.3;592261939.9;169053086.9;168477071.0;-82265465.2;Brasil;China;Resto No minería;Maquinarias, aparatos y sus partes
910;PUERTO MONTT;Puerto marítimo;maritimo;América del Sur;-41.48;-72.94;107060350.7;440711520.0;547771870.7;360902417.6;772641432.2;333651169.3;Noruega;Estados Unidos de América;Resto No minería;Otros productos relevantes
914;TOCOPILLA;Puerto marítimo;maritimo;América del Sur;-22.092;-70.197;518055556.5;0.0;518055556.5;749618483.0;0.0;-518055556.5;México;;Otros productos relevantes;
981;MONTE AYMOND;Avanzada fronteriza;terrestre;América del Sur;-52.16;-69.49;485563986.1;7083331.1;492647317.1;73594069.0;1105494.0;-478480655.0;Brasil;Argentina;Productos del mar;Resto No combustibles
997;OTROS PUERTOS CHILENOS;Puerto marítimo;maritimo;América del Sur;-41.48;-72.94;197220.0;447887393.5;448084613.5;6551.7;1018528730.5;447690173.5;Luxemburgo;Argentina;Exportación de servicios calificados por Aduanas;Combustibles y lubricantes minerales
998;PASO JAMA;Avanzada fronteriza;terrestre;América del Sur;-23.23;-67.05;71407137.7;218487135.6;289894273.3;35953963.2;125585053.3;147079997.8;Brasil;Brasil;Minería;Resto No combustibles
989;AEROP. CERRO MORENO;Aeropuerto;aereo;América del Sur;-23.45;-70.44;150303.4;239111064.7;239261368.1;141645.0;1875842.8;238960761.4;Aprovisionamiento (Rancho) de naves y aeronaves extranjeras y de maderas para estibar mercancías cargadas en puertos chilenos;Estados Unidos de América;Rancho de naves;Maquinarias, aparatos y sus partes
205;CALBUCO;Puerto marítimo;maritimo;América del Sur;-41.77;-73.13;53931089.0;154807827.8;208738916.8;774794171.6;371455805.0;100876738.8;China;Estados Unidos de América;Forestales y sus derivados;Alimentos
946;GUAYACÁN;Puerto marítimo;maritimo;América del Sur;-29.97;-71.36;163603032.0;36600757.9;200203789.9;1914588099.8;50741688.0;-127002274.2;China;Estados Unidos de América;Minería;Combustibles y lubricantes minerales
967;CARDENAL SAMORE;Avanzada fronteriza;terrestre;América del Sur;-40.72;-71.94;71944649.7;122531737.3;194476387.0;30713338.1;100108552.2;50587087.6;Argentina;Argentina;Otros alimentos;Resto No combustibles
925;PENCO;Puerto marítimo;maritimo;América del Sur;-36.74;-72.99;2906630.4;178750633.5;181657263.9;6264564.6;373162879.0;175844003.0;Perú;China;Otros alimentos;Otros productos relevantes
976;HUEMULES;Avanzada fronteriza;terrestre;América del Sur;-45.62;-71.55;171048071.7;3410943.7;174459015.4;25774793.5;3941706.2;-167637128.0;Estados Unidos de América;Argentina;Productos del mar;Combustibles y lubricantes minerales
912;PUNTA ARENAS;Puerto marítimo;maritimo;América del Sur;-53.16;-70.92;45666418.1;118299169.2;163965587.3;30354889.3;600511542.6;72632751.1;Aprovisionamiento (Rancho) de naves y aeronaves extranjeras y de maderas para estibar mercancías cargadas en puertos chilenos;Argentina;Rancho de naves;Combustibles y lubricantes minerales
913;PATILLOS;Puerto marítimo;maritimo;América del Sur;-20.74;-70.2;127778465.6;0.0;127778465.6;6189361074.0;0.0;-127778465.6;Estados Unidos de América;;Minería;
958;CHUNGARÁ;Avanzada fronteriza;terrestre;América del Sur;-18.22;-69.2;72097659.9;32325050.6;104422710.5;45056458.9;68305506.8;-39772609.3;Bolivia;Bolivia;Resto No minería;Resto No combustibles
961;OLLAGUE;Avanzada fronteriza;terrestre;América del Sur;-21.23;-68.25;89111897.2;13696652.5;102808549.6;88267821.1;15937381.0;-75415244.7;Bolivia;Bolivia;Resto No minería;Resto No combustibles
959;COLCHANE;Avanzada fronteriza;terrestre;América del Sur;-19.28;-68.64;64425448.2;2721793.6;67147241.7;62008749.6;14572675.6;-61703654.6;Bolivia;Bolivia;Resto No minería;Resto No combustibles
911;CHACABUCO / PUERTO AYSÉN;Puerto marítimo;maritimo;América del Sur;-45.46;-72.82;45846169.0;14551796.7;60397965.7;51535484.0;52528.6;-31294372.3;China;Alemania;Minería;Maquinarias, aparatos y sus partes
930;CORRAL;Puerto marítimo;maritimo;América del Sur;-39.887;-73.43;39214054.2;0.0;39214054.2;596991022.0;0.0;-39214054.2;China;;Forestales y sus derivados;
941;GREGORIO;Puerto marítimo;maritimo;América del Sur;-52.62;-70.2;0.0;27460255.6;27460255.6;0.0;65024137.0;27460255.6;;Argentina;;Combustibles y lubricantes minerales
943;PUERTO WILLIAMS;Puerto marítimo;maritimo;América del Sur;-54.93;-67.61;18717298.4;5397505.9;24114804.3;11913554.0;1495600.0;-13319792.6;Aprovisionamiento (Rancho) de naves y aeronaves extranjeras y de maderas para estibar mercancías cargadas en puertos chilenos;Argentina;Rancho de naves;Resto No combustibles
936;NATALES;Puerto marítimo;maritimo;América del Sur;-51.73;-72.51;18908363.6;161.2;18908524.7;896838.2;0.0;-18908202.4;Aprovisionamiento (Rancho) de naves y aeronaves extranjeras y de maderas para estibar mercancías cargadas en puertos chilenos;China;Rancho de naves;Resto No combustibles
945;AEROPUERTO CARRIEL SUR 945;Aeropuerto;aereo;América del Sur;-36.77;-73.06;2210025.8;7597341.1;9807366.9;558100.5;1163168.1;5387315.4;Argentina;Finlandia;Resto No minería;Maquinarias, aparatos y sus partes
982;SAN SEBASTIÁN;Avanzada fronteriza;terrestre;América del Sur;-53.32;-68.62;5665021.3;2351260.2;8016281.5;597100.7;46684.3;-3313761.1;Estados Unidos de América;Argentina;Productos del mar;Resto No combustibles
938;PUERTO ANDINO;Puerto marítimo;maritimo;América del Sur;-41.48;-72.94;0.0;4018039.1;4018039.1;0.0;17991000.0;4018039.1;;China;;Resto No combustibles
964;SAN FRANCISCO;Avanzada fronteriza;terrestre;América del Sur;-26.9;-68.27;3902100.9;38358.3;3940459.2;4600973.0;947.5;-3863742.6;Argentina;China;Resto No minería;Resto No combustibles
962;SAN PEDRO DE ATACAMA;Avanzada fronteriza;terrestre;América del Sur;-22.91;-67.99;2075920.9;0.0;2075920.9;7690163.0;0.0;-2075920.9;Bolivia;;Resto No minería;
991;AEROP. C.I. DEL CAMPO;Aeropuerto;aereo;América del Sur;-53.0;-70.85;1169957.3;59641.5;1229598.8;609719.7;106.9;-1110315.9;Aprovisionamiento (Rancho) de naves y aeronaves extranjeras y de maderas para estibar mercancías cargadas en puertos chilenos;Estados Unidos de América;Rancho de naves;Maquinarias, aparatos y sus partes
960;ABRA DE NAPA;Avanzada fronteriza;terrestre;América del Sur;-20.5;-68.583;571230.2;0.0;571230.2;54923.4;0.0;-571230.2;Bolivia;;Otros productos relevantes;
987;AEROP. CHACALLUTA;Aeropuerto;aereo;América del Sur;-18.35;-70.34;285760.5;3789.4;289550.0;269573.0;692.3;-281971.1;Combustibles y lubricantes destinados al consumo de naves y aeronaves extranjeras y de revistas con el mismo objeto;China;Rancho de naves;Resto No combustibles
983;COYHAIQUE ALTO;Avanzada fronteriza;terrestre;América del Sur;-45.49;-71.3;185494.0;3540.0;189034.0;163940.0;0.0;-181954.0;Argentina;Argentina;Resto No minería;Resto No combustibles
916;TALTAL;Puerto marítimo;maritimo;América del Sur;-25.411;-70.484;170495.3;0.0;170495.3;23530.0;0.0;-170495.3;Brasil;;Resto No minería;
966;MAHUIL MALAL;Avanzada fronteriza;terrestre;América del Sur;-39.57;-71.5;145463.1;16727.6;162190.7;20335.0;2174.0;-128735.5;Uruguay;Argentina;Resto No minería;Resto No combustibles
990;AEROP. EL TEPUAL;Aeropuerto;aereo;América del Sur;-41.44;-73.09;123364.6;4730.8;128095.4;147270.6;100.0;-118633.8;Combustibles y lubricantes destinados al consumo de naves y aeronaves extranjeras y de revistas con el mismo objeto;Reino Unido;Rancho de naves;Maquinarias, aparatos y sus partes
993;CAP. HUACHIPATO;Puerto marítimo;maritimo;América Latina;-36.74;-73.13;59084.0;58890.0;117974.0;49653.7;1404.6;-194.0;Combustibles y lubricantes destinados al consumo de naves y aeronaves extranjeras y de revistas con el mismo objeto;Estados Unidos de América;Rancho de naves;Maquinarias, aparatos y sus partes
978;BAKER;Avanzada fronteriza;terrestre;América del Sur;-47.15;-72.55;0.0;70569.3;70569.3;0.0;0.0;70569.3;;Argentina;;Maquinarias, aparatos y sus partes
988;AEROP. DIEGO ARACENA;Aeropuerto;aereo;América del Sur;-20.54;-70.18;56467.9;6245.8;62713.7;37637.2;59.0;-50222.1;Combustibles y lubricantes destinados al consumo de naves y aeronaves extranjeras y de revistas con el mismo objeto;Brasil;Rancho de naves;Maquinarias, aparatos y sus partes
944;TERRITORIO ANTÁRTICO CHILENO;Puerto marítimo;maritimo;América del Sur;-62.196;-58.962;40343.1;0.0;40343.1;11367.0;0.0;-40343.1;Aprovisionamiento (Rancho) de naves y aeronaves extranjeras y de maderas para estibar mercancías cargadas en puertos chilenos;;Rancho de naves;
951;AGUAS NEGRAS;Avanzada fronteriza;terrestre;América del Sur;-30.18;-69.82;0.0;26524.2;26524.2;0.0;0.0;26524.2;;China;;Maquinarias, aparatos y sus partes
923;CONSTITUCIÓN;Puerto marítimo;maritimo;América del Sur;-35.333;-72.411;0.0;8461.9;8461.9;0.0;0.0;8461.9;;Bolivia;;Resto No combustibles
956;VISVIRI;Avanzada fronteriza;terrestre;América del Sur;-17.6;-69.48;5918.0;0.0;5918.0;139.0;0.0;-5918.0;Bolivia;;Resto No minería;
947;PUNTA DELGADA;Puerto marítimo;maritimo;América Latina;-53.16;-70.92;4020.3;0.0;4020.3;363.0;0.0;-4020.3;Argentina;;Resto No minería;
922;JUAN FERNANDEZ;Puerto marítimo;maritimo;América del Sur;-33.638;-78.83;0.0;2315.5;2315.5;0.0;8.2;2315.5;;Estados Unidos de América;;Maquinarias, aparatos y sus partes
971;PANGUIPULLI;Avanzada fronteriza;terrestre;América del Sur;-39.643;-72.334;800.0;0.0;800.0;1.4;0.0;-800.0;Argentina;;Resto No minería;
970;PALENA - CARRENLEUFU;Avanzada fronteriza;terrestre;América del Sur;-43.62;-71.72;0.0;731.8;731.8;0.0;344.0;731.8;;Zona franca Iquique;;Resto No combustibles
929;ISLA DE PASCUA;Puerto marítimo;maritimo;América del Sur;-27.15;-109.433;0.0;443.8;443.8;0.0;40.0;443.8;;Estados Unidos de América;;Prendas de vestir y accesorios, y calzados
927;LOTA;Puerto marítimo;maritimo;América del Sur;-37.09;-73.16;0.0;56.8;56.8;0.0;10.0;56.8;;China;;Maquinarias, aparatos y sus partes
969;FUTALEUFU;Avanzada fronteriza;terrestre;América del Sur;-43.18;-71.85;50.0;0.0;50.0;1.0;0.0;-50.0;Argentina;;Resto No minería;
979;DOROTEA;Avanzada fronteriza;terrestre;América del Sur;-51.66;-72.36;0.0;42.1;42.1;0.0;8.0;42.1;;China;;Maquinarias, aparatos y sus partes
973;LAGO VERDE;Avanzada fronteriza;terrestre;América del Sur;-44.25;-71.8;0.0;22.2;22.2;0.0;0.0;22.2;;Brasil;;Otros productos relevantes
